cargo;empresa;cidade;nivel
Analista de Dados;Confidencial;Salvador / BA;Pleno
Analista de Dados Sênior;Grupo Nortearh;Belo Horizonte / MG;Sênior
Analista de Dados  Jr;Confidencial;Betim / MG;Júnior/Trainee
Analista de Dados (027180);Lyon Engenharia;São Luís / MA;Pleno
Analista de Dados;Zubale;Não informado;Júnior/Trainee
Analista de Dados Pleno;Fundação São Francisco Xavier;Belo Horizonte / MG;Pleno
Analista de Dados Júnior;Confidencial;São Paulo / SP;Júnior/Trainee
Analista de Dados e Bi -Sênior;J&T Express;São João de Meriti / RJ;Sênior
Analista de Dados Bi Pl;J&T Express;Serra / ES;Pleno
Analista de Qualidade de Dados Pleno;J&T Express;Guarulhos / SP;Júnior/Trainee
Analista de Dados Saúde e Odonto - Jr;SulAmérica;São Paulo / SP;Júnior/Trainee
Analista Financeiro Sênior - Foco em Dados;ALLOS;Rio de Janeiro / RJ;Sênior
Analista de Operações Jr (automatização/Dados) - Temporário;SulAmérica;São Paulo / SP;Júnior/Trainee
Analista Sr - Qualidade (Gestão de Dados) - Corporativo RJ;Rede D'Or;Rio de Janeiro / RJ;Sênior
Analista Sr - Privacidade e Proteção de Dados – Corporativo RJ;Rede D'Or;Rio de Janeiro / RJ;Sênior
Analista de Dados / Bi - Especialista (VAGA Extensiva para Pessoas com Deficiência);Concremat;Nova Lima / MG;Pleno
Analista de Remuneração;Frescatto;Duque de Caxias / RJ;Auxiliar/Operacional
Analista de Privacidade Senior;Confidencial;São Paulo / SP;Sênior
Analista Administrativo;Talento Incluir;São Paulo / SP;Júnior/Trainee
Analista Comercial Pl;Mineração Taboca S/A;Barueri / SP;Pleno
Analista de Relacionamento;Confidencial;Localização não informada;Pleno
Analista de Produtos;CDL/BH;Belo Horizonte / MG;Júnior/Trainee
Analista de Cobrança Júnior;Confidencial;São Paulo / SP;Júnior/Trainee
Analista de Logística - Júnior;J&T Express;São João de Meriti / RJ;Júnior/Trainee
Analista Comercial Jr;Vetnil;Louveira / SP;Júnior/Trainee
Analista de Marketing Sr.;JOBCENTER DO BRASIL LTDA;São Bernardo do Campo / SP;Sênior
Analista Sr Bp;Randstad RH;Araucária / PR;Pleno
Analista de TI;J&T Express;Salvador / BA;Júnior/Trainee
Analista Fiscal Pleno;Confidencial;Belo Horizonte / MG;Pleno
Analista Contábil Jr;FFM;São Paulo / SP;Júnior/Trainee
11195 - Analista de Implantação;Talent Group;São Paulo / SP;Pleno
Analista Admnistrativo I;Ânima;Não informado;Júnior/Trainee
Analista Contábil;ADECCO;Manaus / AM;Pleno
Analista de Suporte Sr.;Confidencial;Santa Bárbara d'Oeste / SP;Sênior
Analista de Contabilidade Pl;Primetals Technologies;Belo Horizonte / MG;Pleno
11194 - Analista de Implementação;Talent Group;São Paulo / SP;Pleno
Analista de Manutenção;Grupo JCA;São Paulo / SP;Júnior/Trainee
Analista de Logistica;Transpedrosa;Betim / MG;Júnior/Trainee
Analista Vista Jr;Lyon Engenharia;Nova Lima / MG;Júnior/Trainee
Analista Programador Pleno;Ciesp;São Paulo / SP;Pleno
Engenheiro de Software;Confidencial;Localização não informada;Sênior
Engenheiro(a) de Software | Júnior, Pleno, Sênior e Especialista;XP Inc.;São Paulo / SP;Sênior
Engenheiro de Automação;Confidencial;Limeira / SP;Sênior
Engenheiro de Orçamentos Jr;Concremat;São Paulo / SP;Júnior/Trainee
Técnico de Engenharia Clinica - Engenharia Clinica - Rio Barra;Rede D'Or;Rio de Janeiro / RJ;Técnico
Técnico de Engenharia Clinica - Engenharia Clinica - Copa Dor;Rede D'Or;Rio de Janeiro / RJ;Técnico
Técnico em Engenharia Clínica - Engenharia Clínica - Hospital Brasil;Rede D'Or;Santo André / SP;Técnico
Técnico de Engenharia Clínica - Engenharia Clínica - Esperança Recife;Rede D'Or;Recife / PE;Técnico
Professor de Engenharia de Computação;Fundação Salvador Arena;São Bernardo do Campo / SP;Sênior
Engenheiro de Machine Learning;FF.Connection;Hortolândia / SP;Sênior
Técnico(a) em Engenharia Clínica - Engenharia Clínica - Hospitais Rede D'Or;Rede D'Or;Brasília / DF;Técnico
Engenheiro Civil Trainee;Concremat;São Paulo / SP;Júnior/Trainee
Técnico em Engenharia Clínica - Engenharia Clínica - Hospital Brasil Mauá;Rede D'Or;Mauá / SP;Técnico
Técnico Engenharia Clínica - Engenharia Clínica - Sl Anália Franco;Rede D'Or;São Paulo / SP;Auxiliar/Operacional
Técnico(a) em Engenharia Clínica - Engenharia Clínica - Hospital DF Star (Expansão);Rede D'Or;Brasília / DF;Técnico
Engenheiro de Inteligência Artificial (Ia);EDITORA GLOBO;São Paulo / SP;Sênior
Analista Sr - Engenharia e Manutenção - Corporativo RJ;Rede D'Or;Rio de Janeiro / RJ;Sênior
Analista Sr - Engenharia e Manutenção - Corporativo SP;Rede D'Or;São Paulo / SP;Sênior
Estagiário(a) de Engenharia Química - Barra da Tijuca/RJ;White Martins;Rio de Janeiro / RJ;Estágio
Engenheiro de Projetos (VAGA Extensiva para Pessoas);Concremat;Vitória / ES;Pleno
Bolsista Doutor Engenharias – Projeto Inova Talentos / Marelli;Marelli Sistemas Automotivos;Lavras / MG;Júnior/Trainee
Engenheiro de Pavimentação (VAGA Extensiva para Pessoas com Deficiência);Concremat;São Paulo / SP;Pleno
Líder de Engenharia Clínica  - Manutenção Predial  - Hospital Yutaka Takeda.;Rede D'Or;Parauapebas / PA;Auxiliar/Operacional
Engenheiro Técnico de Projeto (VAGA Extensiva para Pessoa Deficiência);Concremat;Barão de Cocais / MG;Pleno
Estágio (Engenharia da Computação, Análise e Desenvolvimento de Sistemas, TI  Ou Sistemas de Informação;FI GROUP;Brasília / DF;Estágio
Técnico em Equipamentos;MDR;João Pessoa / PB;Técnico
Devops Sr/ Sre (Site Reliability Engineer);Allied;São Paulo / SP;Sênior
11214 - Desenvolvedor de Sistemas (Wordpress) Pleno;Confidencial;Não informado;Pleno
11223 - Analista Desenvolvedor .net;Talent Group;Não informado;Pleno
11225 - Analista Desenvolvedor Fullstack .net + React;Talent Group;Não informado;Sênior
Analista Sistemas TI | Desenvolvedor Fullstack;AMAGGI;Cuiabá / MT;Pleno
Especialista PO (Product Owner) + QA (Quality Assurance);Conspiração;Rio de Janeiro / RJ;Pleno
11228 - Engenheiro de Dados Sr;Talent Group;Não informado;Sênior
Desenvolvedor Full Stack;Inspirali;Não informado;Pleno
Engenheiro de Inteligência Artificial (Ia);EDITORA GLOBO;São Paulo / SP;Sênior
Analista de Estratégia em Saúde - Sr;SulAmérica;São Paulo / SP;Sênior
11200 - Arquiteto(a) de Soluções Pleno (pré-Vendas) - São Paulo/ SP;Talent Group;Barueri / SP;Pleno
11199 - Arquiteto(a) de Soluções Pleno (pré-Vendas) - Rio de Janeiro/ RJ;Talent Group;Rio de Janeiro / RJ;Pleno
11202 - Arquiteto(a) de Soluções Sênior (pré-Vendas) - Fortaleza/ CE;Talent Group;Fortaleza / CE;Sênior
11204 - Arquiteto(a) de Soluções Sênior (pré-Vendas) - Porto Alegre/ RS;Talent Group;Porto Alegre / RS;Sênior
11205 - Arquiteto(a) de Soluções Sênior (pré-Vendas) - São Paulo/ SP;Talent Group;Barueri / SP;Sênior
11203 - Arquiteto(a) de Soluções Sênior (pré-Vendas) - Belo Horizonte/ MG;Talent Group;Belo Horizonte / MG;Sênior
11198 - Arquiteto(a) de Soluções Pleno (pré-Vendas) - Goiânia/ GO;Talent Group;Goiânia / GO;Pleno
Analista de Sistemas Sênior (TOTVS Protheus);Azevedo & Travassos S/A;São Paulo / SP;Sênior
Analista de Marketing Pleno | Marketing;Confidencial;São Paulo / SP;Pleno
Estagiário(a) de Marketing;Atex do Brasil;Belo Horizonte / MG;Estágio
Gerente de Marketing;Confidencial;Não informado;Gerência
Coordenador (a) Marketing;HarperCollins Brasil;Rio de Janeiro / RJ;Supervisão/Coordenação
Assistente de Marketing;ALLOS;Belo Horizonte / MG;Auxiliar/Operacional
Coordenador(a) de Marketing;Grupo Fleury;Rio de Janeiro / RJ;Supervisão/Coordenação
Coordenador de Marketing;Supermed;São Paulo / SP;Supervisão/Coordenação
Supervisor de Marketing;Confidencial;São Paulo / SP;Supervisão/Coordenação
Atendimento de Marketing;ZONT MARKETING;São Paulo / SP;Júnior/Trainee
Assistente de Marketing;Cema Hospital Especializado;São Paulo / SP;Auxiliar/Operacional
Especialista de Marketing;Confidencial;São Paulo / SP;Sênior
Analista de Marketing;Inova Máquinas;Contagem / MG;Pleno
Analista de Marketing Sr.;JOBCENTER DO BRASIL LTDA;São Bernardo do Campo / SP;Sênior
Analista de Marketing Jr.;PROMOFARMA;São Paulo / SP;Júnior/Trainee
Analista de Marketing Pleno;Icatu Seguros;Rio de Janeiro / RJ;Pleno
Analista Marketing Sr - Marketing - Onco Cardial (Matriz);Rede D'Or;São Paulo / SP;Sênior
Especialista de Marketing - Temporário;Robert Half;São Paulo / SP;Sênior
Analista de Marketing Digital Junior;Hospital IGESP;São Paulo / SP;Júnior/Trainee
Analista de Mkt Jr - Eventos;Inspirali;São Paulo / SP;Júnior/Trainee
Analista de Trade Marketing Sênior;OSKLEN;Rio de Janeiro / RJ;Sênior
Analista Marketing Digital Pl;Vetnil;Louveira / SP;Pleno
Analista de Marketing Produto;LUKSCOLOR TINTAS;São Paulo / SP;Júnior/Trainee
Assistente de Trade Marketing;LUKSCOLOR TINTAS;São Paulo / SP;Júnior/Trainee
Analista de Marketing Corporativo Júnior;ALLOS;Rio de Janeiro / RJ;Júnior/Trainee
Gerente de Trade Marketing;Randstad Brasil;São Paulo / SP;Gerência
Analista de Marketing Digital;Confidencial;Não informado;Sênior
Estágio em Trade Marketing;Wella Company;São Paulo / SP;Estágio
Assistente de Marketing de Influência;Vitabe Group;Valinhos / SP;Auxiliar/Operacional
Assistente de Trade Marketing;The Adecco Group;Não informado;Auxiliar/Operacional
Analista Marketing Produto Junior;LEGRAND BRASIL LTDA;São Paulo / SP;Júnior/Trainee
Analista Sênior de Marketing e Produto;Suvinil;São Paulo / SP;Sênior
Especialista de Comunicação e Marketing - Conteúdo;Hospital São Camilo;São Paulo / SP;Sênior
Analista Jr - Marketing - IDOR RJ;Rede D'Or;Rio de Janeiro / RJ;Júnior/Trainee
Analista Senior de Trade Marketing Categoria;Wella Company;São Paulo / SP;Sênior
Analista de Marketing (Administrativo - Suprimentos);LUKSCOLOR TINTAS;São Paulo / SP;Júnior/Trainee
Analista de Marketing Digital e CRM (Pleno);Graça Artes Gráfica;Rio de Janeiro / RJ;Pleno
Analista Administrativo Junior - Comunicação e Marketing;Instituto Cacau Show;Itapevi / SP;Pleno
Analista de Marketing | Social Media;Talent Spotter;Sorocaba / SP;Sênior
Analista de Marketing Pleno – Trade & Branding;Prometeon Tyre Group;Santo André / SP;Sênior
Analista de Marketing Junior (Especialista em Cores);Suvinil;Taboão da Serra / SP;Júnior/Trainee
Assistente Comercial de Operações Varejo;JOBCENTER DO BRASIL LTDA;São Paulo / SP;Auxiliar/Operacional
Coordenador (a) Comercial de Vendas;Aventura;São Paulo / SP;Supervisão/Coordenação
Diretor Comercial;Confidencial;Localização não informada;Diretoria
Analista Comercial Pl;Mineração Taboca S/A;Barueri / SP;Pleno
Gestor Comercial Sr;SANTHER - FABRICA DE PAPEL SANTA THEREZINHA;Rio de Janeiro / RJ;Sênior
Gerente Comercial;Confidencial;Localização não informada;Gerência
Gestor Comercial Pl;SANTHER - FABRICA DE PAPEL SANTA THEREZINHA;Salvador / BA;Pleno
Auxiliar Comercial;Inspirali;Cubatão / SP;Auxiliar/Operacional
Gerente Comercial;Pacaembu Construtora;Ponta Grossa / PR;Estágio
Analista Comercial;Lef Pisos e Revestimentos S.A;Piracicaba / SP;Júnior/Trainee
Supervisor Comercial;Grupo JCA;Belo Horizonte / MG;Supervisão/Coordenação
Engenheiro - Comercial;Confidencial;Rio de Janeiro / RJ;Pleno
Estágio Comercial;Grupo Promex Mais;São Paulo / SP;Estágio
Atendimento/comercial;SICOOB;São Paulo / SP;Auxiliar/Operacional
Consultor Comercial;Confidencial;Belo Horizonte / MG;Técnico
Consultor Comercial;Confidencial;Jataí / GO;Técnico
Consultor Comercial Pl;LEGRAND BRASIL LTDA;São Paulo / SP;Júnior/Trainee
Analista Comercial Jr;Vetnil;Louveira / SP;Júnior/Trainee
Consultor Comercial;Inspirali;São Paulo / SP;Júnior/Trainee
Analista Comercial Junior;ArcelorMittal;São Paulo / SP;Júnior/Trainee
Consultor Comercial;Grupo Prestarh;Belo Horizonte / MG;Sênior
Consultor Comercial;Inspirali;São Paulo / SP;Júnior/Trainee
Analista Comercial;Confidencial;Piracicaba / SP;Júnior/Trainee
11215 - Executiva(o) Comercial;Talent Group;São Paulo / SP;Pleno
Atendente Comercial;Grupo Águas do Brasil;Campos dos Goytacazes / RJ;Auxiliar/Operacional
Atendente Comercial;Parceria Consultoria;Barra Mansa / RJ;Auxiliar/Operacional
Analista Comercial Pleno;Grupo JCA;São Paulo / SP;Pleno
Auxiliar Comercial;Inspirali;São Paulo / SP;Auxiliar/Operacional
Supervisor Administrativo Comercial - Backoffice Comercial;BR Talent;São Paulo / SP;Supervisão/Coordenação
Pessoa Coordenadora Comercial;ALLOS;Belém / PA;Supervisão/Coordenação
Desenvolvedor Comercial Alcoólicos;Coca-Cola FEMSA;Betim / MG;Júnior/Trainee
Assistente de Parcerias (Comercial);JOBCENTER DO BRASIL LTDA;São Paulo / SP;Auxiliar/Operacional
Coordenador(a) Comercial Atendimento;Aventura;São Paulo / SP;Supervisão/Coordenação
Tecnico Comercial de Seguros II;PAMCARY;São Paulo / SP;Auxiliar/Operacional
Representante Comercial Imobiliário - Júnior;NV Imob;São Paulo / SP;Auxiliar/Operacional
11193 - Consultor Comercial (Hunter);Talent Group;São Paulo / SP;Pleno
Coordenador de Inteligencia Comercial;União Química Farmacêutica Nacional S/A;São Paulo / SP;Supervisão/Coordenação
Auxiliar / Assistente Comercial;Manager Gestão Condominial;São Paulo / SP;Auxiliar/Operacional
Vendedor Externo de Varejo;Confidencial;Vitória / ES;Pleno
Auxiliar Comercial Cac;Confidencial;Blumenau / SC;Auxiliar/Operacional
Gerente de Controladoria e Finanças;Reggiani Hunting;Belo Horizonte / MG;Gerência
Coordenador de Controladoria e Contabilidade;The Adecco Group;São Paulo / SP;Supervisão/Coordenação
Assistente de Finanças e Contabilidade;Fundação Getulio Vargas;Rio de Janeiro / RJ;Auxiliar/Operacional
Gerente de Controladoria e Finanças (Controller);Grupo Valure;Brasília / DF;Gerência
Analista Fiscal;Confidencial;Rio de Janeiro / RJ;Pleno
Analista Fiscal;SMC AUTOMAÇÃO DO BRASIL LTDA;São Bernardo do Campo / SP;Júnior/Trainee
Gerente Fiscal;Confidencial;Não informado;Gerência
Analista Fiscal;Brazil GR Ltda;Rio Claro / SP;Sênior
Analista Fiscal Júnior;AMAGGI;Cuiabá / MT;Júnior/Trainee
Gerente de Controladoria;Confidencial;Não informado;Gerência
Diretor/a de Controladoria;Confidencial;São Paulo / SP;Diretoria
Analista de Controladoria Pleno;Tate and Lyle;São Paulo / SP;Pleno
Analista Financeiro Júnior;Confidencial;Rio de Janeiro / RJ;Júnior/Trainee
Assistente Financeiro;Fundação Educacional Lucas Machado;Belo Horizonte / MG;Sênior
Estágio Fiscal;ArcelorMittal Gonvarri;Hortolândia / SP;Estágio
Trainee - Financeiro;Alliança Recursos Humanos;Caçapava / SP;Júnior/Trainee
Analista de Contabilidade Sênior;Confidencial;Rio de Janeiro / RJ;Sênior
Analista  Fiscal;SILVEIRA SOARES CONTABILIDADE;Novo Hamburgo / RS;Técnico
Fiscal de Loja;Grupo DPSP;Rio de Janeiro / RJ;Auxiliar/Operacional
Fiscal de Loja;Grupo DPSP;Rio de Janeiro / RJ;Auxiliar/Operacional
Analista Financeiro (027257);Lyon Engenharia;Parauapebas / PA;Sênior
Coordenador Financeiro;Abapa - Associação Baiana dos Produtores de Algodão;Luís Eduardo Magalhães / BA;Supervisão/Coordenação
Analista Fiscal Jr;Confidencial;Curitiba / PR;Auxiliar/Operacional
Estagiário (Financeiro);OSKLEN;Rio de Janeiro / RJ;Estágio
Analista de Controladoria Sênior;Confidencial;Fortaleza / CE;Sênior
Fiscal de Campo V 027230;Lyon Engenharia;Canaã dos Carajás / PA;Técnico
Analista Fiscal Júnior;OSKLEN;Rio de Janeiro / RJ;Júnior/Trainee
Especialista de Controladoria;Abapa - Associação Baiana dos Produtores de Algodão;Luís Eduardo Magalhães / BA;Sênior
Especialista em Controladoria;Confidencial;Rio de Janeiro / RJ;Supervisão/Coordenação
Analista Financeiro;J&T Express;Salvador / BA;Sênior
Analista Fiscal Pleno;Montana Química;São Paulo / SP;Pleno
Analista Financeiro;Talent Spotter;Sorocaba / SP;Pleno
Analista Fiscal Sênior;Proativa RH;Taboão da Serra / SP;Sênior
Coordenador Financeiro;Talent Spotter;Araçoiaba da Serra / SP;Supervisão/Coordenação
Analista Fiscal;MG Mix Concreto e Argamassa;Contagem / MG;Pleno
Assistente Fiscal;Bom Futuro;Cuiabá / MT;Júnior/Trainee
Analista de Contabilidade Sr;UNIÃO QUÍMICA;Valparaíso de Goiás / GO;Sênior
Analista de Controladoria;GL events Brasil;Rio de Janeiro / RJ;Pleno
Analista Financeiro;Confidencial;Rio de Janeiro / RJ;Sênior
Assistente Fiscal;Grupo SERES;Duque de Caxias / RJ;Auxiliar/Operacional
Analista de Logística | Logistica;GWM;Iracemápolis / SP;Pleno
11158 - Gerente de Logística;Talent Group;Manaus / AM;Gerência
Logística | Planejamento de Vendas e Logistica;GWM;Iracemápolis / SP;Júnior/Trainee
Auxiliar de Logística;Confidencial;Cajamar / SP;Auxiliar/Operacional
Auxiliar de Logística;Confidencial;Localização não informada;Auxiliar/Operacional
Auxiliar de Logística;The Adecco Group;Itaitinga / CE;Auxiliar/Operacional
Assistente Logistico;Soulan Recursos Humanos;Várzea Grande / MT;Técnico
Analista Logistico;Soulan Recursos Humanos;Várzea Grande / MT;Pleno
Auxiliar de Logística;Grupo SERES;Fortaleza / CE;Auxiliar/Operacional
Auxiliar de Logística;Talento Incluir;São Paulo / SP;Auxiliar/Operacional
Auxiliar de Logística;Adecco;Vespasiano / MG;Auxiliar/Operacional
Auxiliar de Logística;Confidencial;Franco da Rocha / SP;Auxiliar/Operacional
Assistente de Logística;Confidencial;Rio de Janeiro / RJ;Auxiliar/Operacional
Auxiliar de Logística;Mercado Livre;Caxias do Sul / RS;Auxiliar/Operacional
Analista de Logística Jr;Mineração Taboca S/A;Barueri / SP;Júnior/Trainee
Auxiliar de Logística;Confidencial;Santana de Parnaíba / SP;Auxiliar/Operacional
Auxiliar de Logística;Confidencial;Franco da Rocha / SP;Auxiliar/Operacional
Auxiliar de Logística;The Adecco Group;Betim / MG;Auxiliar/Operacional
Auxiliar de Logística;Mercado Livre;Extrema / MG;Auxiliar/Operacional
Assistente Logística;COPLACANA;Pirajuba / MG;Técnico
Auxiliar de Logística;Confidencial;Localização não informada;Auxiliar/Operacional
Auxiliar de Logística;Mercado Livre;Contagem / MG;Auxiliar/Operacional
Analista de Logística Junior;Hydro;Tubarão / SC;Júnior/Trainee
Auxiliar Logístico I;Grupo SERES;Jundiaí / SP;Auxiliar/Operacional
Auxiliar de Logística I;Proativa RH;São Paulo / SP;Auxiliar/Operacional
Auxiliar de Logística;Grupo Nortearh;Belo Horizonte / MG;Auxiliar/Operacional
Operador Logistico;G&B e MTO - Distribuidora Autopeças;Guarulhos / SP;Auxiliar/Operacional
Ajudante de Logística;A.C.Camargo Cancer Center;São Paulo / SP;Auxiliar/Operacional
Analista de Logística - Júnior;J&T Express;São João de Meriti / RJ;Júnior/Trainee
Auxiliar de Logistica;JOBCENTER DO BRASIL LTDA;São Paulo / SP;Auxiliar/Operacional
Analista de Logística;Confidencial;Jundiaí / SP;Júnior/Trainee
Auxiliar de Logística I;Proativa RH;Cabreúva / SP;Auxiliar/Operacional
Auxiliar de Logística;Adecco;Teófilo Otoni / MG;Auxiliar/Operacional
Analista de Logística;Evolute;Sorriso / MT;Júnior/Trainee
Auxiliar de Logística;Randstad Brasil;Cajamar / SP;Auxiliar/Operacional
Analista de Logística;Evolute;Sorriso / MT;Júnior/Trainee
Estágio Logística;LEGRAND BRASIL LTDA;Guarulhos / SP;Estágio
Auxiliar de Logística;Confidencial;Cotia / SP;Auxiliar/Operacional
Supervisor de Logística;Marelli do Brasil I Divisão Interiores;Resende / RJ;Supervisão/Coordenação
Auxiliar de Logística;Grupo JCA;São Paulo / SP;Auxiliar/Operacional
Estágio RH;Vogler Ingredients;São Bernardo do Campo / SP;Estágio
Estagiário de RH;Amaggi;Matupá / MT;Estágio
Analista de Recursos Humanos Junior;Komatsu;Conceição do Mato Dentro / MG;Júnior/Trainee
Analista de RH Sr;Grupo Expert;Campinas / SP;Sênior
Estágio em Recursos Humanos;Huawei;São Paulo / SP;Estágio
Aprendiz RH;Granol Agrícola;Bebedouro / SP;Estágio
Analista de Recursos Humanos Sênior;helloo;São Paulo / SP;Sênior
Analista de Recursos Humanos;XCMG Brasil Indústria;Canaã dos Carajás / PA;Júnior/Trainee
Analista de Recursos Humanos;Bom Futuro;Nova Mutum / MT;Júnior/Trainee
Estágio Recursos Humanos;Grupo Nolasco;Magé / RJ;Estágio
RH Generalista;The Adecco Group;São Bernardo do Campo / SP;Pleno
Estágio em RH;Marelli do Brasil I Divisão Interiores;Resende / RJ;Estágio
Analista de Recursos Humanos Pleno;DOME Serviços Integrados;São João da Barra / RJ;Pleno
Técnico Recursos Humanos;Concremat;Barão de Cocais / MG;Técnico
Supervisor de RH;Confidencial;Brasília / DF;Supervisão/Coordenação
Assistente de Recursos Humanos;Lightera LatAm S.A;Curitiba / PR;Auxiliar/Operacional
Analista de RH Pleno;Confidencial;Serra / ES;Pleno
Analista de Recursos Humanos Pl;Grupo JCA;Niterói / RJ;Pleno
Analista de RH Jr;The Adecco Group;São José dos Campos / SP;Júnior/Trainee
Auxiliar de Recursos Humanos;ENGECORPS;Barueri / SP;Auxiliar/Operacional
Estagio em Recursos Humanos;Belgo Arames;Sumaré / SP;Estágio
Analista de RH Pl/Sr;Confidencial;Hortolândia / SP;Pleno
Analista de Recursos Humanos Jr;Grupo Avante;Belo Horizonte / MG;Júnior/Trainee
Estagiário em Recursos Humanos;Confidencial;Itapevi / SP;Estágio
Estagiário(a) Recursos Humanos;ZF AUTOMOTIVE;São Bernardo do Campo / SP;Estágio
Analista de Recursos Humanos;FIESP;São Paulo / SP;Pleno
Analista de Recursos Humanos II;Oncoclínicas&Co;Nova Lima / MG;Pleno
Analista de Recursos Humanos Jr.;Fundepag;São Paulo / SP;Júnior/Trainee
Estágio em Recursos Humanos;Confidencial;São Paulo / SP;Estágio
Analista de Recursos Humanos Sr;Bom Futuro;Cuiabá / MT;Sênior
Auxiliar de RH;Confidencial;São Bernardo do Campo / SP;Auxiliar/Operacional
Especialista de Recursos Humanos;The Adecco Group;São Paulo / SP;Sênior
Analista de Recursos Humanos Júnior;Grupo Nortearh;Pedro Leopoldo / MG;Técnico
Analista de RH;Di Blasi, Parente & Associados;Rio de Janeiro / RJ;Júnior/Trainee
Assistente Adm - RH;Vogler Ingredients;São Bernardo do Campo / SP;Júnior/Trainee
Auxiliar Administrativo – RH;Hospital do Rocio;Campo Largo / PR;Auxiliar/Operacional
Analista de Recursos Humanos – Remuneração;Parceria Consultoria;Rio de Janeiro / RJ;Sênior
Assistente Administrativo - RH;Assigna;Mucuri / BA;Júnior/Trainee
Analista de Desenvolvimento em RH;Grupo SERES;Rio de Janeiro / RJ;Pleno
Analista de Recursos Humanos Pleno - Generalista;ALLOS;São Paulo / SP;Júnior/Trainee
Gerente Administrativo - Operações;EmpregaSaúde;Vitória / ES;Gerência
Gerente de Gente & Gestão;Tele Rio;Rio de Janeiro / RJ;Gerência
Gerente Administrativo Financeiro;Confidencial;Localização não informada;Gerência
Gerente de Compras (Gestão de Contratos);Vallourec Soluções Tubulares;Belo Horizonte / MG;Gerência
11158 - Gerente de Logística;Talent Group;Manaus / AM;Gerência
Analista Administrativo (Gestão de Ativos Imobiliários);M.Roscoe Engenharia e Construções;Belo Horizonte / MG;Pleno
Gerente de Projetos;Confidencial;Localização não informada;Gerência
Gerente de Tesouraria;Confidencial;Localização não informada;Gerência
Auxiliar Administrativo;Hospital do Rocio;Campo Largo / PR;Auxiliar/Operacional
Assistente Administrativo;Confidencial;Localização não informada;Auxiliar/Operacional
Assistente Administrativo;Odata;São João de Meriti / RJ;Júnior/Trainee
Analista Admnistrativo I;Ânima;Não informado;Júnior/Trainee
Auxiliar Administrativo;Hospital da Baleia;Belo Horizonte / MG;Auxiliar/Operacional
Auxiliar Administrativo;União Química Farmacêutica Nacional S/A;Pouso Alegre / MG;Auxiliar/Operacional
Gerente de Facilities;Confidencial;São Paulo / SP;Gerência
Gerente de Facilities;Confidencial;São Paulo / SP;Gerência
Analista Administrativo I;Grupo Fleury;Vila Velha / ES;Júnior/Trainee
Auxiliar Administrativo Pl;Grupo Protege;Cascavel / PR;Pleno
Gerente Comercial;Confidencial;Localização não informada;Gerência
Gerente Fiscal;Confidencial;Não informado;Gerência
Gerente de Processos;Confidencial;Localização não informada;Gerência
Gerente de Controladoria;Confidencial;Não informado;Gerência
Gerente de Obras;Confidencial;Localização não informada;Gerência
Gerente de Produção;Confidencial;Localização não informada;Gerência
Gerente de EHS;Confidencial;Localização não informada;Gerência
Gerente de Marketing;Confidencial;Não informado;Gerência
Assistente Administrativo;DCML;Belo Horizonte / MG;Auxiliar/Operacional
Assistente Administrativo;Confidencial;Camaçari / BA;Auxiliar/Operacional
Auxiliar Administrativo;MINASMAQUINAS;Juiz de Fora / MG;Auxiliar/Operacional
Assistente Administrativo;Amigos do Bem;São Paulo / SP;Auxiliar/Operacional
Estágio Administrativo;LEGRAND BRASIL LTDA;São Paulo / SP;Estágio
Gerente Predial;Manager Gestão Condominial;São Paulo / SP;Gerência
Gerente de Compliance;Confidencial;Localização não informada;Gerência
Gerente de Expansão;Confidencial;Não informado;Gerência
Gerente de Manutenção;Confidencial;Localização não informada;Gerência
Gerente de Facilities;Confidencial;Localização não informada;Gerência
Gerente de Infraestrutura;Confidencial;Localização não informada;Gerência
Analista Administrativo Sênior;Tradimaq SA;Ouro Branco / MG;Sênior
Gerente de Facilities;Confidencial;Rio de Janeiro / RJ;Supervisão/Coordenação
Gerente Comercial;Pacaembu Construtora;Ponta Grossa / PR;Estágio
Técnico de Enfermagem;EmpregaSaúde;São Paulo / SP;Técnico
Técnico de Enfermagem;Fundação Arnaldo Vieira de Carvalho;São Paulo / SP;Técnico
Técnico(a) de Enfermagem;Gupo Soulan RH;São Paulo / SP;Técnico
Auxiliar de Enfermagem;Hospital São Camilo;São Paulo / SP;Técnico
Estágio em Enfermagem;Oncoclínicas&Co;Salvador / BA;Estágio
Técnico(a) de Enfermagem;Hospital do Rocio;Campo Largo / PR;Técnico
Técnico de Enfermagem;HFC Saúde;Piracicaba / SP;Técnico
Técnico(a) de Enfermagem;Confidencial;Curitiba / PR;Técnico
Acadêmico em Enfermagem;Hospital da Baleia;Belo Horizonte / MG;Estágio
Técnico de Enfermagem;Inspirali;São Paulo / SP;Técnico
Técnico(a) de Enfermagem;Inspirali;Palhoça / SC;Auxiliar/Operacional
Auxiliar de Enfermagem;Hospital Sírio-Libanês;São Paulo / SP;Júnior/Trainee
Estagiário(a) de Enfermagem;Belgo Arames;Itaúna / MG;Estágio
Gerente de Enfermagem -  Gerência de Enfermagem - Macaé D'Or;Rede D'Or;Macaé / RJ;Gerência
Auxiliar de Enfermagem - Gerência de Enfermagem - Hospital Santa Helena;Rede D'Or;Brasília / DF;Auxiliar/Operacional
Técnico de Enfermagem do Trabalho;Abertta Saúde;Itatiaiuçu / MG;Técnico
Auxiliar de Enfermagem - Sumaré;Grupo Fleury;São Paulo / SP;Técnico
Supervisor (a) de Enfermagem - CME;Confidencial;Belo Horizonte / MG;Supervisão/Coordenação
Estágio de Enfermagem - Proncor;Rede D'Or;Campo Grande / MS;Estágio
Auxiliar de Enfermagem - Labs A+;GRUPO FLEURY;Localização não informada;Técnico
Auxiliar de Enfermagem - Coleta;Grupo Fleury;Belém / PA;Técnico
Técnico de Enfermagem do Trabalho;Confidencial;Localização não informada;Técnico
Técnico de Enfermagem do Trabalho;Confidencial;Localização não informada;Técnico
Técnico de Enfermagem do Trabalho;Confidencial;Localização não informada;Técnico
Técnico de Enfermagem do Trabalho;Confidencial;Localização não informada;Técnico
Técnico de Enfermagem do Trabalho;Confidencial;Localização não informada;Técnico
Técnico de Enfermagem do Trabalho;Confidencial;Localização não informada;Técnico
Técnico de Enfermagem do Trabalho;Confidencial;Localização não informada;Técnico
Técnico de Enfermagem do Trabalho;Abertta Saúde;Piracicaba / SP;Técnico
Técnico de Enfermagem (UTI);Austa Hospital;São José do Rio Preto / SP;Técnico
Técnico de Enfermagem do Trabalho;Confidencial;Brasília / DF;Técnico
Auxiliar de Enfermagem III - Campinas;Grupo Fleury;Campinas / SP;Técnico
Técnico de Enfermagem do Trabalho;Paranapanema;Santo André / SP;Técnico
Auxiliar de Enfermagem - Emergência;Austa Hospital;São José do Rio Preto / SP;Auxiliar/Operacional
Técnico (a) de Enfermagem - Endoscopia;Confidencial;São Paulo / SP;Técnico
Técnico de Enfermagem Hemodiálise;Hospital da Baleia;Belo Horizonte / MG;Técnico
Coordenador de Enfermagem - CCIH;EmpregaSaúde;Maringá / PR;Supervisão/Coordenação
Auxiliar de Enfermagem - Moema;Grupo Fleury - Pretti;São Paulo / SP;Técnico
Técnico de Enfermagem de UTI;Hospital Sírio-Libanês;São Paulo / SP;Técnico
Técnico de Enfermagem I - Hospitais;Grupo Fleury;Presidente Prudente / SP;Técnico
