cargo;empresa;cidade;nivel;area
Analista de Dados (027180);Lyon Engenharia;São Luís / MA;Pleno;analista-de-dados
Analista de Dados;Zubale;Não informado;Júnior/Trainee;analista-de-dados
Analista de Dados  Jr;Confidencial;Betim / MG;Júnior/Trainee;analista-de-dados
Analista de Dados Pleno;Fundação São Francisco Xavier;Belo Horizonte / MG;Pleno;analista-de-dados
Analista de Dados Sênior;Grupo Nortearh;Belo Horizonte / MG;Sênior;analista-de-dados
Analista de Dados e Bi -Sênior;J&T Express;São João de Meriti / RJ;Sênior;analista-de-dados
Analista de Dados Bi Pl;J&T Express;Serra / ES;Pleno;analista-de-dados
Analista de Qualidade de Dados Pleno;J&T Express;Guarulhos / SP;Júnior/Trainee;analista-de-dados
Analista de Dados Saúde e Odonto - Jr;SulAmérica;São Paulo / SP;Júnior/Trainee;analista-de-dados
Analista Financeiro Sênior - Foco em Dados;ALLOS;Rio de Janeiro / RJ;Sênior;analista-de-dados
Analista de Dados Jr | Grupo Fasano;Hospitalidade e Gastronomia;São Paulo / SP;Júnior/Trainee;analista-de-dados
Analista de Operações Jr (automatização/Dados) - Temporário;SulAmérica;São Paulo / SP;Júnior/Trainee;analista-de-dados
Pessoa Analista Infraestrutura / Função DBA Oracle - Sênior  -  Tecnologia da Informação;Grupo Águas do Brasil;Niterói / RJ;Sênior;analista-de-dados
Analista Sr - Qualidade (Gestão de Dados) - Corporativo RJ;Rede D'Or;Rio de Janeiro / RJ;Sênior;analista-de-dados
Analista Sr - Privacidade e Proteção de Dados – Corporativo RJ;Rede D'Or;Rio de Janeiro / RJ;Sênior;analista-de-dados
Analista de RH Pl (Dados) - Regional Zona Sul/RJ;Rede D'Or;Rio de Janeiro / RJ;Pleno;analista-de-dados
Analista de Dados / Bi - Especialista (VAGA Extensiva para Pessoas com Deficiência);Concremat;Nova Lima / MG;Pleno;analista-de-dados
Analista de Remuneração;Frescatto;Duque de Caxias / RJ;Auxiliar/Operacional;analista-de-dados
Analista de Privacidade Senior;Confidencial;São Paulo / SP;Sênior;analista-de-dados
Analista Administrativo;Talento Incluir;São Paulo / SP;Júnior/Trainee;analista-de-dados
Analista Comercial Pl;Mineração Taboca S/A;Barueri / SP;Pleno;analista-de-dados
Analista de Compras Jr;Centro Médico Pastore;Rio de Janeiro / RJ;Auxiliar/Operacional;analista-de-dados
Analista de Relacionamento;Confidencial;Localização não informada;Pleno;analista-de-dados
Analista de Produtos;CDL/BH;Belo Horizonte / MG;Júnior/Trainee;analista-de-dados
Analista de Cobrança Júnior;Confidencial;São Paulo / SP;Júnior/Trainee;analista-de-dados
Analista de Inflamabilidade;Alliança Recursos Humanos;Localização não informada;Júnior/Trainee;analista-de-dados
Analista de PCP;Grupo Nortearh;Sete Lagoas / MG;Pleno;analista-de-dados
Analista de Logística - Júnior;J&T Express;São João de Meriti / RJ;Júnior/Trainee;analista-de-dados
Analista Comercial Jr;Vetnil;Louveira / SP;Júnior/Trainee;analista-de-dados
Analista Laboratorio I;bp bioenergy;Pedro Afonso / TO;Auxiliar/Operacional;analista-de-dados
Analista de Marketing Sr.;JOBCENTER DO BRASIL LTDA;São Bernardo do Campo / SP;Sênior;analista-de-dados
Analista Sr Bp;Randstad RH;Araucária / PR;Pleno;analista-de-dados
Analista de TI;J&T Express;Salvador / BA;Júnior/Trainee;analista-de-dados
Analista Fiscal Pleno;Confidencial;Belo Horizonte / MG;Pleno;analista-de-dados
11195 - Analista de Implantação;Talent Group;São Paulo / SP;Pleno;analista-de-dados
Analista Admnistrativo I;Ânima;Não informado;Júnior/Trainee;analista-de-dados
Analista Contábil;ADECCO;Manaus / AM;Pleno;analista-de-dados
Analista de Suporte Sr.;Confidencial;Santa Bárbara d'Oeste / SP;Sênior;analista-de-dados
Analista de Contabilidade Pl;Primetals Technologies;Belo Horizonte / MG;Pleno;analista-de-dados
Analista Financeiro Pl;UNIÃO QUÍMICA;Guarulhos / SP;Pleno;analista-de-dados
Engenheiro de Software;Confidential;Localização não informada;Sênior;engenheiro-de-software
Engenheiro(a) de Software | Júnior, Pleno, Sênior e Especialista;XP Inc.;São Paulo / SP;Sênior;engenheiro-de-software
Engenheiro de Automação;Confidential;Limeira / SP;Sênior;engenheiro-de-software
Engenheiro de Orçamentos Jr;Concremat;São Paulo / SP;Júnior/Trainee;engenheiro-de-software
Técnico de Engenharia Clinica - Engenharia Clinica - Rio Barra;Rede D'Or;Rio de Janeiro / RJ;Técnico;engenheiro-de-software
Técnico de Engenharia Clinica - Engenharia Clinica - Copa Dor;Rede D'Or;Rio de Janeiro / RJ;Técnico;engenheiro-de-software
Técnico em Engenharia Clínica - Engenharia Clínica - Hospital Brasil;Rede D'Or;Santo André / SP;Técnico;engenheiro-de-software
Tecnico de Engenharia Clinica - Engenharia Clinica - Jutta Batista;Rede D'Or;Rio de Janeiro / RJ;Auxiliar/Operacional;engenheiro-de-software
Técnico de Engenharia Clínica - Engenharia Clínica - Esperança Recife;Rede D'Or;Recife / PE;Técnico;engenheiro-de-software
Professor de Engenharia de Computação;Fundação Salvador Arena;São Bernardo do Campo / SP;Sênior;engenheiro-de-software
Engenheiro de Machine Learning;FF.Connection;Hortolândia / SP;Sênior;engenheiro-de-software
Técnico(a) em Engenharia Clínica - Engenharia Clínica - Hospitais Rede D'Or;Rede D'Or;Brasília / DF;Técnico;engenheiro-de-software
Engenheiro Civil Trainee;Concremat;São Paulo / SP;Júnior/Trainee;engenheiro-de-software
Técnico em Engenharia Clínica - Engenharia Clínica - Hospital Brasil Mauá;Rede D'Or;Mauá / SP;Técnico;engenheiro-de-software
Técnico Engenharia Clínica - Engenharia Clínica - Sl Anália Franco;Rede D'Or;São Paulo / SP;Auxiliar/Operacional;engenheiro-de-software
Técnico(a) em Engenharia Clínica - Engenharia Clínica - Hospital DF Star (Expansão);Rede D'Or;Brasília / DF;Técnico;engenheiro-de-software
Engenheiro de Inteligência Artificial (Ia);EDITORA GLOBO;São Paulo / SP;Sênior;engenheiro-de-software
Analista Sr - Engenharia e Manutenção - Corporativo RJ;Rede D'Or;Rio de Janeiro / RJ;Sênior;engenheiro-de-software
Analista Sr - Engenharia e Manutenção - Corporativo SP;Rede D'Or;São Paulo / SP;Sênior;engenheiro-de-software
Estagiário(a) de Engenharia Química - Barra da Tijuca/RJ;White Martins;Rio de Janeiro / RJ;Estágio;engenheiro-de-software
Engenheiro de Projetos (VAGA Extensiva para Pessoas);Concremat;Vitória / ES;Pleno;engenheiro-de-software
Bolsista Doutor Engenharias – Projeto Inova Talentos / Marelli;Marelli Sistemas Automotivos;Lavras / MG;Júnior/Trainee;engenheiro-de-software
Engenheiro de Pavimentação (VAGA Extensiva para Pessoas com Deficiência);Concremat;São Paulo / SP;Pleno;engenheiro-de-software
Líder de Engenharia Clínica  - Manutenção Predial  - Hospital Yutaka Takeda.;Rede D'Or;Parauapebas / PA;Auxiliar/Operacional;engenheiro-de-software
Engenheiro Técnico de Projeto (VAGA Extensiva para Pessoa Deficiência);Concremat;Barão de Cocais / MG;Pleno;engenheiro-de-software
Estágio (Engenharia da Computação, Análise e Desenvolvimento de Sistemas, TI  Ou Sistemas de Informação;FI GROUP;Brasília / DF;Estágio;engenheiro-de-software
Técnico em Equipamentos;MDR;João Pessoa / PB;Técnico;engenheiro-de-software
Devops Sr/ Sre (Site Reliability Engineer);Allied;São Paulo / SP;Sênior;devops
11225 - Analista Desenvolvedor Fullstack .net + React;Talent Group;Não informado;Sênior;devops
11223 - Analista Desenvolvedor .net;Talent Group;Não informado;Pleno;devops
Analista Sistemas TI | Desenvolvedor Fullstack;AMAGGI;Cuiabá / MT;Pleno;devops
Analista de Desenvolvimento de Sistemas Sênior - Dynamics 365;Sinaf Seguros;Rio de Janeiro / RJ;Sênior;devops
Especialista PO (Product Owner) + QA (Quality Assurance);Conspiração;Rio de Janeiro / RJ;Pleno;devops
11228 - Engenheiro de Dados Sr;Talent Group;Não informado;Sênior;devops
Desenvolvedor Full Stack;Inspirali;Não informado;Pleno;devops
Engenheiro de Inteligência Artificial (Ia);EDITORA GLOBO;São Paulo / SP;Sênior;devops
Analista de Estratégia em Saúde - Sr;SulAmérica;São Paulo / SP;Sênior;devops
11202 - Arquiteto(a) de Soluções Sênior (pré-Vendas) - Fortaleza/ CE;Talent Group;Fortaleza / CE;Sênior;devops
11203 - Arquiteto(a) de Soluções Sênior (pré-Vendas) - Belo Horizonte/ MG;Talent Group;Belo Horizonte / MG;Sênior;devops
11198 - Arquiteto(a) de Soluções Pleno (pré-Vendas) - Goiânia/ GO;Talent Group;Goiânia / GO;Pleno;devops
11200 - Arquiteto(a) de Soluções Pleno (pré-Vendas) - São Paulo/ SP;Talent Group;Barueri / SP;Pleno;devops
11204 - Arquiteto(a) de Soluções Sênior (pré-Vendas) - Porto Alegre/ RS;Talent Group;Porto Alegre / RS;Sênior;devops
11205 - Arquiteto(a) de Soluções Sênior (pré-Vendas) - São Paulo/ SP;Talent Group;Barueri / SP;Sênior;devops
11199 - Arquiteto(a) de Soluções Pleno (pré-Vendas) - Rio de Janeiro/ RJ;Talent Group;Rio de Janeiro / RJ;Pleno;devops
Analista de Sistemas Sênior (TOTVS Protheus);Azevedo & Travassos S/A;São Paulo / SP;Sênior;devops
Analista de Marketing Pleno | Marketing;Confidencial;São Paulo / SP;Pleno;marketing
Coordenador (a) Marketing;HarperCollins Brasil;Rio de Janeiro / RJ;Supervisão/Coordenação;marketing
Assistente de Marketing;ALLOS;Belo Horizonte / MG;Auxiliar/Operacional;marketing
Estagiário(a) de Marketing;Atex do Brasil;Belo Horizonte / MG;Estágio;marketing
Gerente de Marketing;Confidencial;Não informado;Gerência;marketing
Coordenador(a) de Marketing;Grupo Fleury;Rio de Janeiro / RJ;Supervisão/Coordenação;marketing
Coordenador de Marketing;Supermed;São Paulo / SP;Supervisão/Coordenação;marketing
Supervisor de Marketing;Confidencial;São Paulo / SP;Supervisão/Coordenação;marketing
Analista de Marketing;Inova Máquinas;Contagem / MG;Pleno;marketing
Especialista de Marketing;Confidencial;São Paulo / SP;Sênior;marketing
Assistente de Marketing;Cema Hospital Especializado;São Paulo / SP;Auxiliar/Operacional;marketing
Analista de Marketing Sr.;JOBCENTER DO BRASIL LTDA;São Bernardo do Campo / SP;Sênior;marketing
Analista de Marketing Jr.;PROMOFARMA;São Paulo / SP;Júnior/Trainee;marketing
Atendimento de Marketing;ZONT MARKETING;São Paulo / SP;Júnior/Trainee;marketing
Analista de Marketing Pleno;Icatu Seguros;Rio de Janeiro / RJ;Pleno;marketing
Assistente de Marketing;Confidencial;Belo Horizonte / MG;Júnior/Trainee;marketing
Analista de Marketing Sênior;Pacaembu Construtora;São Paulo / SP;Sênior;marketing
Analista de Marketing;Graça Artes Gráfica;Rio de Janeiro / RJ;Pleno;marketing
Assistente de Marketing;JOBCENTER DO BRASIL LTDA;São Paulo / SP;Júnior/Trainee;marketing
Analista de Marketing;Maria Bussade Dermatologia;São Paulo / SP;Júnior/Trainee;marketing
Analista Marketing Sr - Marketing - Onco Cardial (Matriz);Rede D'Or;São Paulo / SP;Sênior;marketing
Analista de Mkt Jr - Eventos;Inspirali;São Paulo / SP;Júnior/Trainee;marketing
Analista de Trade Marketing Sênior;OSKLEN;Rio de Janeiro / RJ;Sênior;marketing
Especialista de Marketing - Temporário;Robert Half;São Paulo / SP;Sênior;marketing
Analista de Marketing Digital Junior;Hospital IGESP;São Paulo / SP;Júnior/Trainee;marketing
Analista de Marketing Digital;Confidencial;Não informado;Sênior;marketing
Gerente de Trade Marketing;Randstad Brasil;São Paulo / SP;Gerência;marketing
Analista de Marketing Corporativo Júnior;ALLOS;Rio de Janeiro / RJ;Júnior/Trainee;marketing
Assistente de Trade Marketing;The Adecco Group;Não informado;Auxiliar/Operacional;marketing
Estágio em Trade Marketing;Wella Company;São Paulo / SP;Estágio;marketing
Assistente de Marketing de Influência;Vitabe Group;Valinhos / SP;Auxiliar/Operacional;marketing
Analista Marketing Produto Junior;LEGRAND BRASIL LTDA;São Paulo / SP;Júnior/Trainee;marketing
Analista de Marketing Produto;LUKSCOLOR TINTAS;São Paulo / SP;Júnior/Trainee;marketing
Assistente de Trade Marketing;LUKSCOLOR TINTAS;São Paulo / SP;Júnior/Trainee;marketing
Analista Marketing Digital Pl;Vetnil;Louveira / SP;Pleno;marketing
Analista de Marketing Equinos Pl;Vetnil;Louveira / SP;Pleno;marketing
Analista de Marketing & Comercial;IMM;São Paulo / SP;Pleno;marketing
Especialista de Comunicação e Marketing - Conteúdo;Hospital São Camilo;São Paulo / SP;Sênior;marketing
Analista de Marketing | Social Media;Talent Spotter;Sorocaba / SP;Sênior;marketing
Analista Jr - Marketing - IDOR RJ;Rede D'Or;Rio de Janeiro / RJ;Júnior/Trainee;marketing
Assistente Comercial de Operações Varejo;JOBCENTER DO BRASIL LTDA;São Paulo / SP;Auxiliar/Operacional;vendas
Coordenador (a) Comercial de Vendas;Aventura;São Paulo / SP;Supervisão/Coordenação;vendas
Consultor Comercial de Vendas;EssilorLuxottica;Recife / PE;Júnior/Trainee;vendas
Diretor Comercial;Confidencial;Localização não informada;Diretoria;vendas
Analista Comercial Pl;Mineração Taboca S/A;Barueri / SP;Pleno;vendas
Gestor Comercial Pl;SANTHER - FABRICA DE PAPEL SANTA THEREZINHA;Salvador / BA;Pleno;vendas
Analista Comercial;Lef Pisos e Revestimentos S.A;Piracicaba / SP;Júnior/Trainee;vendas
Gerente Comercial;Confidencial;Localização não informada;Gerência;vendas
Gestor Comercial Sr;SANTHER - FABRICA DE PAPEL SANTA THEREZINHA;Rio de Janeiro / RJ;Sênior;vendas
Consultor Comercial;Confidencial;Belo Horizonte / MG;Técnico;vendas
Consultor Comercial;Confidencial;Jataí / GO;Técnico;vendas
Supervisor Comercial;Grupo JCA;Belo Horizonte / MG;Supervisão/Coordenação;vendas
Atendimento/comercial;SICOOB;São Paulo / SP;Auxiliar/Operacional;vendas
Estágio Comercial;Grupo Promex Mais;São Paulo / SP;Estágio;vendas
Consultor Comercial;Inspirali;São Paulo / SP;Júnior/Trainee;vendas
Auxiliar Comercial;Inspirali;Cubatão / SP;Auxiliar/Operacional;vendas
Analista Comercial;Confidencial;Piracicaba / SP;Júnior/Trainee;vendas
Gerente Comercial;Pacaembu Construtora;Ponta Grossa / PR;Estágio;vendas
Engenheiro - Comercial;Confidencial;Rio de Janeiro / RJ;Pleno;vendas
Analista Comercial Junior;ArcelorMittal;São Paulo / SP;Júnior/Trainee;vendas
Consultor Comercial;Grupo Prestarh;Belo Horizonte / MG;Sênior;vendas
Analista Comercial Jr;Vetnil;Louveira / SP;Júnior/Trainee;vendas
Assistente Comercial;AS BUSINESS;Barueri / SP;Auxiliar/Operacional;vendas
Analista Comercial Jr;Grupo JCA;São Paulo / SP;Júnior/Trainee;vendas
Executivo Comercial;Confidencial;Não informado;Gerência;vendas
Atendente Comercial;Confidencial;Localização não informada;Auxiliar/Operacional;vendas
Consultor Comercial;Inspirali;São Paulo / SP;Júnior/Trainee;vendas
Consultor Comercial;Confidencial;São Paulo / SP;Auxiliar/Operacional;vendas
Representante Comercial;Confidencial;São Paulo / SP;Auxiliar/Operacional;vendas
Supervisor de Varejo;DHL Express;Brasília / DF;Supervisão/Coordenação;vendas
Atendente Comercial;Grupo Águas do Brasil;Campos dos Goytacazes / RJ;Auxiliar/Operacional;vendas
Atendente Comercial;Parceria Consultoria;Barra Mansa / RJ;Auxiliar/Operacional;vendas
Auxiliar Comercial;Inspirali;São Paulo / SP;Auxiliar/Operacional;vendas
Supervisor Administrativo Comercial - Backoffice Comercial;BR Talent;São Paulo / SP;Supervisão/Coordenação;vendas
Pessoa Coordenadora Comercial;ALLOS;Belém / PA;Supervisão/Coordenação;vendas
Desenvolvedor Comercial Alcoólicos;Coca-Cola FEMSA;Betim / MG;Júnior/Trainee;vendas
Representante Comercial Imobiliário - Júnior;NV Imob;São Paulo / SP;Auxiliar/Operacional;vendas
Tecnico Comercial de Seguros II;PAMCARY;São Paulo / SP;Auxiliar/Operacional;vendas
Coordenador(a) Comercial Atendimento;Aventura;São Paulo / SP;Supervisão/Coordenação;vendas
11193 - Consultor Comercial (Hunter);Talent Group;São Paulo / SP;Pleno;vendas
Coordenador de Controladoria e Contabilidade;The Adecco Group;São Paulo / SP;Supervisão/Coordenação;financeiro
Assistente de Finanças e Contabilidade;Fundação Getulio Vargas;Rio de Janeiro / RJ;Auxiliar/Operacional;financeiro
Gerente de Controladoria e Finanças;Reggiani Hunting;Belo Horizonte / MG;Gerência;financeiro
Fiscal;AFOCAPI;Araras / SP;Auxiliar/Operacional;financeiro
Gerente de Controladoria e Finanças (Controller);Grupo Valure;Brasília / DF;Gerência;financeiro
Analista Fiscal;Confidencial;Rio de Janeiro / RJ;Pleno;financeiro
Analista Financeiro;J&T Express;Salvador / BA;Sênior;financeiro
Analista Fiscal Júnior;OSKLEN;Rio de Janeiro / RJ;Júnior/Trainee;financeiro
Especialista de Controladoria;Abapa - Associação Baiana dos Produtores de Algodão;Luís Eduardo Magalhães / BA;Sênior;financeiro
Diretor/a de Controladoria;Confidencial;São Paulo / SP;Diretoria;financeiro
Especialista em Controladoria;Confidencial;Rio de Janeiro / RJ;Supervisão/Coordenação;financeiro
Gerente Fiscal;Confidencial;Não informado;Gerência;financeiro
Gerente de Controladoria;Confidencial;Não informado;Gerência;financeiro
Analista Fiscal Júnior;AMAGGI;Cuiabá / MT;Júnior/Trainee;financeiro
Trainee - Financeiro;Alliança Recursos Humanos;Caçapava / SP;Júnior/Trainee;financeiro
Analista Fiscal;Brazil GR Ltda;Rio Claro / SP;Sênior;financeiro
Estágio Fiscal;ArcelorMittal Gonvarri;Hortolândia / SP;Estágio;financeiro
Analista Financeiro Júnior;Confidencial;Rio de Janeiro / RJ;Júnior/Trainee;financeiro
Analista de Controladoria Pleno;Tate and Lyle;São Paulo / SP;Pleno;financeiro
Fiscal de Campo V 027230;Lyon Engenharia;Canaã dos Carajás / PA;Técnico;financeiro
Assistente Financeiro;Fundação Educacional Lucas Machado;Belo Horizonte / MG;Sênior;financeiro
Analista de Contabilidade Sênior;Confidencial;Rio de Janeiro / RJ;Sênior;financeiro
Analista de Controladoria;GL events Brasil;Rio de Janeiro / RJ;Pleno;financeiro
Analista Financeiro;Confidencial;Rio de Janeiro / RJ;Sênior;financeiro
Analista Financeiro;Talent Spotter;Sorocaba / SP;Pleno;financeiro
Analista  Fiscal;SILVEIRA SOARES CONTABILIDADE;Novo Hamburgo / RS;Técnico;financeiro
Coordenador Financeiro;Abapa - Associação Baiana dos Produtores de Algodão;Luís Eduardo Magalhães / BA;Supervisão/Coordenação;financeiro
Estagiário (Financeiro);OSKLEN;Rio de Janeiro / RJ;Estágio;financeiro
Analista Fiscal;MG Mix Concreto e Argamassa;Contagem / MG;Pleno;financeiro
Analista Fiscal Pleno;Montana Química;São Paulo / SP;Pleno;financeiro
Assistente Financeiro;AMAGGI;Cuiabá / MT;Júnior/Trainee;financeiro
Gerente Financeiro;COPLACANA;Piracicaba / SP;Gerência;financeiro
Analista Fiscal Jr;Confidencial;Curitiba / PR;Auxiliar/Operacional;financeiro
Analista de Controladoria Sênior;Confidencial;Fortaleza / CE;Sênior;financeiro
Analista Fiscal Sênior;Amigos do Bem;Localização não informada;Sênior;financeiro
Analista Fiscal;Confidencial;Belo Horizonte / MG;Pleno;financeiro
Analista Financeiro Pl;Azevedo & Travassos S/A;São Paulo / SP;Pleno;financeiro
Auxiliar Fiscal;Azevedo & Travassos S/A;São Paulo / SP;Auxiliar/Operacional;financeiro
Auxiliar Financeiro;Rede 7;São Paulo / SP;Auxiliar/Operacional;financeiro
Supervisor Fiscal;Confidencial;Rio de Janeiro / RJ;Supervisão/Coordenação;financeiro
Analista de Logística | Logistica;GWM;Iracemápolis / SP;Pleno;logistica
11158 - Gerente de Logística;Talent Group;Manaus / AM;Gerência;logistica
Auxiliar de Logística/Produção;Coppermetal;São Paulo / SP;Auxiliar/Operacional;logistica
Logística | Planejamento de Vendas e Logistica;GWM;Iracemápolis / SP;Júnior/Trainee;logistica
Auxiliar de Logística;Confidencial;Cajamar / SP;Auxiliar/Operacional;logistica
Auxiliar de Logística;Confidencial;Localização não informada;Auxiliar/Operacional;logistica
Auxiliar de Logística;The Adecco Group;Itaitinga / CE;Auxiliar/Operacional;logistica
Assistente Logistico;Soulan Recursos Humanos;Várzea Grande / MT;Técnico;logistica
Analista Logistico;Soulan Recursos Humanos;Várzea Grande / MT;Pleno;logistica
Auxiliar de Logística;Grupo SERES;Fortaleza / CE;Auxiliar/Operacional;logistica
Auxiliar de Logística;Talento Incluir;São Paulo / SP;Auxiliar/Operacional;logistica
Auxiliar de Logística;Adecco;Vespasiano / MG;Auxiliar/Operacional;logistica
Auxiliar de Logística;Confidencial;Franco da Rocha / SP;Auxiliar/Operacional;logistica
Assistente de Logística;Confidencial;Rio de Janeiro / RJ;Auxiliar/Operacional;logistica
Auxiliar de Logística;Mercado Livre;Caxias do Sul / RS;Auxiliar/Operacional;logistica
Analista de Logística Jr;Mineração Taboca S/A;Barueri / SP;Júnior/Trainee;logistica
Auxiliar de Logística;Confidencial;Santana de Parnaíba / SP;Auxiliar/Operacional;logistica
Auxiliar de Logística;Confidencial;Franco da Rocha / SP;Auxiliar/Operacional;logistica
Auxiliar de Logística;The Adecco Group;Betim / MG;Auxiliar/Operacional;logistica
Auxiliar de Logística;Mercado Livre;Extrema / MG;Auxiliar/Operacional;logistica
Auxiliar de Logística;Confidencial;Localização não informada;Auxiliar/Operacional;logistica
Auxiliar de Logística;Mercado Livre;Contagem / MG;Auxiliar/Operacional;logistica
Analista de Logística Junior;Hydro;Tubarão / SC;Júnior/Trainee;logistica
Auxiliar de Logística I;Proativa RH;São Paulo / SP;Auxiliar/Operacional;logistica
Auxiliar de Logística;Grupo Nortearh;Belo Horizonte / MG;Auxiliar/Operacional;logistica
Operador Logistico;G&B e MTO - Distribuidora Autopeças;Guarulhos / SP;Auxiliar/Operacional;logistica
Ajudante de Logística;A.C.Camargo Cancer Center;São Paulo / SP;Auxiliar/Operacional;logistica
Analista de Logística - Júnior;J&T Express;São João de Meriti / RJ;Júnior/Trainee;logistica
Auxiliar de Logistica;JOBCENTER DO BRASIL LTDA;São Paulo / SP;Auxiliar/Operacional;logistica
Analista de Logística;Confidencial;Jundiaí / SP;Júnior/Trainee;logistica
Auxiliar de Logística I;Proativa RH;Cabreúva / SP;Auxiliar/Operacional;logistica
Auxiliar de Logística;Adecco;Teófilo Otoni / MG;Auxiliar/Operacional;logistica
Analista de Logística;Evolute;Sorriso / MT;Júnior/Trainee;logistica
Auxiliar de Logística;Randstad Brasil;Cajamar / SP;Auxiliar/Operacional;logistica
Analista de Logística;Evolute;Sorriso / MT;Júnior/Trainee;logistica
Auxiliar de Logística;Confidencial;Cotia / SP;Auxiliar/Operacional;logistica
Supervisor de Logística;Marelli do Brasil I Divisão Interiores;Resende / RJ;Supervisão/Coordenação;logistica
Auxiliar de Logística;Grupo JCA;São Paulo / SP;Auxiliar/Operacional;logistica
Analista de Logística;Bom Futuro;Cuiabá / MT;Júnior/Trainee;logistica
Auxiliar de Logística;Confidencial;Osasco / SP;Auxiliar/Operacional;logistica
Estágio RH;Vogler Ingredients;São Bernardo do Campo / SP;Estágio;recursos-humanos
Analista de RH Sr;Grupo Expert;Campinas / SP;Sênior;recursos-humanos
Analista de Recursos Humanos Junior;Komatsu;Conceição do Mato Dentro / MG;Júnior/Trainee;recursos-humanos
Estágio em Recursos Humanos;Huawei;São Paulo / SP;Estágio;recursos-humanos
Analista de Recursos Humanos;XCMG Brasil Indústria;Canaã dos Carajás / PA;Júnior/Trainee;recursos-humanos
Aprendiz RH;Granol Agrícola;Bebedouro / SP;Estágio;recursos-humanos
Estagiário de RH;Amaggi;Matupá / MT;Estágio;recursos-humanos
Estágio Recursos Humanos;Grupo Nolasco;Magé / RJ;Estágio;recursos-humanos
RH Generalista;The Adecco Group;São Bernardo do Campo / SP;Pleno;recursos-humanos
Analista de Recursos Humanos II;Oncoclínicas&Co;Nova Lima / MG;Pleno;recursos-humanos
Estágio em Recursos Humanos;Confidencial;São Paulo / SP;Estágio;recursos-humanos
Analista de Recursos Humanos;FIESP;São Paulo / SP;Pleno;recursos-humanos
Analista de RH Jr;The Adecco Group;São José dos Campos / SP;Júnior/Trainee;recursos-humanos
Estagiário(a) Recursos Humanos;ZF AUTOMOTIVE;São Bernardo do Campo / SP;Estágio;recursos-humanos
Analista de Recursos Humanos Sr;Bom Futuro;Cuiabá / MT;Sênior;recursos-humanos
Analista de Recursos Humanos Jr.;Fundepag;São Paulo / SP;Júnior/Trainee;recursos-humanos
Analista de Recursos Humanos Sênior;helloo;São Paulo / SP;Sênior;recursos-humanos
Analista de Recursos Humanos;Bom Futuro;Nova Mutum / MT;Júnior/Trainee;recursos-humanos
Analista de RH Pleno;Confidencial;Serra / ES;Pleno;recursos-humanos
Técnico Recursos Humanos;Concremat;Barão de Cocais / MG;Técnico;recursos-humanos
Auxiliar de RH;Confidencial;São Bernardo do Campo / SP;Auxiliar/Operacional;recursos-humanos
Estágio em RH;Marelli do Brasil I Divisão Interiores;Resende / RJ;Estágio;recursos-humanos
Analista de Recursos Humanos Pleno;DOME Serviços Integrados;São João da Barra / RJ;Pleno;recursos-humanos
Estagiário em Recursos Humanos;Confidencial;Itapevi / SP;Estágio;recursos-humanos
Analista de Recursos Humanos Jr;Grupo Avante;Belo Horizonte / MG;Júnior/Trainee;recursos-humanos
Analista de Recursos Humanos Pl;Grupo JCA;Niterói / RJ;Pleno;recursos-humanos
Assistente de Recursos Humanos;Lightera LatAm S.A;Curitiba / PR;Auxiliar/Operacional;recursos-humanos
Analista de Recursos Humanos Júnior;Grupo Nortearh;Pedro Leopoldo / MG;Técnico;recursos-humanos
Analista de Recuros Humanos Senior;GRUPO GPS;Belo Horizonte / MG;Sênior;recursos-humanos
Especialista de Recursos Humanos;The Adecco Group;São Paulo / SP;Sênior;recursos-humanos
Analista de RH;Di Blasi, Parente & Associados;Rio de Janeiro / RJ;Júnior/Trainee;recursos-humanos
Estagio em Recursos Humanos;Belgo Arames;Sumaré / SP;Estágio;recursos-humanos
Analista de RH Pl/Sr;Confidencial;Hortolândia / SP;Pleno;recursos-humanos
Supervisor de RH;Confidencial;Brasília / DF;Supervisão/Coordenação;recursos-humanos
Analista de RH;Randstad RH;Bento Gonçalves / RS;Júnior/Trainee;recursos-humanos
Assistente Adm - RH;Vogler Ingredients;São Bernardo do Campo / SP;Júnior/Trainee;recursos-humanos
Auxiliar Administrativo – RH;Hospital do Rocio;Campo Largo / PR;Auxiliar/Operacional;recursos-humanos
Analista de Recursos Humanos – Remuneração;Parceria Consultoria;Rio de Janeiro / RJ;Sênior;recursos-humanos
Assistente Administrativo - RH;Assigna;Mucuri / BA;Júnior/Trainee;recursos-humanos
Analista de Desenvolvimento em RH;Grupo SERES;Rio de Janeiro / RJ;Pleno;recursos-humanos
Gerente de Gente & Gestão;Tele Rio;Rio de Janeiro / RJ;Gerência;administrativo
Gerente Administrativo - Operações;EmpregaSaúde;Vitória / ES;Gerência;administrativo
Gerente Administrativo Financeiro;Confidencial;Localização não informada;Gerência;administrativo
11158 - Gerente de Logística;Talent Group;Manaus / AM;Gerência;administrativo
Analista Administrativo Sênior – Gestão e Estoque | Fasano;Hospitalidade e Gastronomia;São Paulo / SP;Sênior;administrativo
Analista Administrativo (Gestão de Ativos Imobiliários);M.Roscoe Engenharia e Construções;Belo Horizonte / MG;Pleno;administrativo
Gerente de Tesouraria;Confidencial;Localização não informada;Gerência;administrativo
Gerente de Expansão;Confidencial;Não informado;Gerência;administrativo
Gerente de Manutenção;Confidencial;Localização não informada;Gerência;administrativo
Auxiliar Administrativo;Hospital do Rocio;Campo Largo / PR;Auxiliar/Operacional;administrativo
Gerente de Compliance;Confidencial;Localização não informada;Gerência;administrativo
Gerente de Facilities;Confidencial;Localização não informada;Gerência;administrativo
Gerente de Infraestrutura;Confidencial;Localização não informada;Gerência;administrativo
Gerente de Projetos;Confidencial;Localização não informada;Gerência;administrativo
Analista Administrativo Sênior;Tradimaq SA;Ouro Branco / MG;Sênior;administrativo
Auxiliar Administrativo Pl;Grupo Protege;Cascavel / PR;Pleno;administrativo
Gerente Fiscal;Confidencial;Não informado;Gerência;administrativo
Gerente de Marketing;Confidencial;Não informado;Gerência;administrativo
Assistente Administrativo;DCML;Belo Horizonte / MG;Auxiliar/Operacional;administrativo
Auxiliar Administrativo;MINASMAQUINAS;Juiz de Fora / MG;Auxiliar/Operacional;administrativo
Gerente de Produção;Confidencial;Localização não informada;Gerência;administrativo
Gerente de Obras;Confidencial;Localização não informada;Gerência;administrativo
Gerente de EHS;Confidencial;Localização não informada;Gerência;administrativo
Assistente Administrativo;Amigos do Bem;São Paulo / SP;Auxiliar/Operacional;administrativo
Gerente Predial;Manager Gestão Condominial;São Paulo / SP;Gerência;administrativo
Gerente de Controladoria;Confidencial;Não informado;Gerência;administrativo
Gerente Comercial;Confidencial;Localização não informada;Gerência;administrativo
Gerente de Processos;Confidencial;Localização não informada;Gerência;administrativo
Auxiliar Administrativo;Inspirali;Natal / RN;Auxiliar/Operacional;administrativo
Estágio Administrativo;LEGRAND BRASIL LTDA;São Paulo / SP;Estágio;administrativo
Assistente Administrativo;Confidencial;Camaçari / BA;Auxiliar/Operacional;administrativo
Analista Administrativo I;Grupo Fleury;Vila Velha / ES;Júnior/Trainee;administrativo
Auxiliar Administrativo;BDO;João Pessoa / PB;Auxiliar/Operacional;administrativo
Assistente Administrativo;Odata;São João de Meriti / RJ;Júnior/Trainee;administrativo
Analista Administrativo;Talento Incluir;São Paulo / SP;Júnior/Trainee;administrativo
Analista Admnistrativo I;Ânima;Não informado;Júnior/Trainee;administrativo
Auxiliar Administrativo;Confidencial;Goiânia / GO;Auxiliar/Operacional;administrativo
Auxiliar Administrativo;Soulan Recursos Humanos;Louveira / SP;Auxiliar/Operacional;administrativo
Assistente Administrativo;Rede Cidadã;Uberaba / MG;Júnior/Trainee;administrativo
Estagiário(a) - Administrativo;CIEE;Brasília / DF;Estágio;administrativo
Técnico(a) de Enfermagem;Gupo Soulan RH;São Paulo / SP;Técnico;enfermagem
Técnico de Enfermagem;Fundação Arnaldo Vieira de Carvalho;São Paulo / SP;Técnico;enfermagem
Técnico(a) de Enfermagem;Inspirali;Palhoça / SC;Auxiliar/Operacional;enfermagem
Estágio em Enfermagem;Oncoclínicas&Co;Salvador / BA;Estágio;enfermagem
Acadêmico em Enfermagem;Hospital da Baleia;Belo Horizonte / MG;Estágio;enfermagem
Auxiliar de Enfermagem;Hospital São Camilo;São Paulo / SP;Técnico;enfermagem
Técnico(a) de Enfermagem;Hospital do Rocio;Campo Largo / PR;Técnico;enfermagem
Técnico de Enfermagem;HFC Saúde;Piracicaba / SP;Técnico;enfermagem
Técnico(a) de Enfermagem;Confidencial;Curitiba / PR;Técnico;enfermagem
Técnico de Enfermagem;Confidencial;São Paulo / SP;Técnico;enfermagem
Estagiário(a) de Enfermagem;Belgo Arames;Itaúna / MG;Estágio;enfermagem
Auxiliar de Enfermagem;Hospital Sírio-Libanês;São Paulo / SP;Júnior/Trainee;enfermagem
Acadêmico de Enfermagem;Fundação Educacional Lucas Machado;Belo Horizonte / MG;Estágio;enfermagem
Técnico de Enfermagem;Inspirali;São Paulo / SP;Técnico;enfermagem
Gerente de Enfermagem -  Gerência de Enfermagem - Macaé D'Or;Rede D'Or;Macaé / RJ;Gerência;enfermagem
Auxiliar de Enfermagem - Gerência de Enfermagem - Hospital Santa Helena;Rede D'Or;Brasília / DF;Auxiliar/Operacional;enfermagem
Estágio de Enfermagem - Proncor;Rede D'Or;Campo Grande / MS;Estágio;enfermagem
Auxiliar de Enfermagem - Sumaré;Grupo Fleury;São Paulo / SP;Técnico;enfermagem
Técnico de Enfermagem do Trabalho;Abertta Saúde;Itatiaiuçu / MG;Técnico;enfermagem
Auxiliar de Enfermagem - Labs A+;GRUPO FLEURY;Localização não informada;Técnico;enfermagem
Técnico de Enfermagem do Trabalho;Confidencial;Localização não informada;Técnico;enfermagem
Técnico de Enfermagem do Trabalho;Confidencial;Localização não informada;Técnico;enfermagem
Técnico de Enfermagem do Trabalho;Confidencial;Localização não informada;Técnico;enfermagem
Técnico de Enfermagem do Trabalho;Confidencial;Localização não informada;Técnico;enfermagem
Técnico de Enfermagem do Trabalho;Confidencial;Localização não informada;Técnico;enfermagem
Técnico de Enfermagem do Trabalho;Confidencial;Localização não informada;Técnico;enfermagem
Técnico de Enfermagem do Trabalho;Confidencial;Localização não informada;Técnico;enfermagem
Auxiliar de Enfermagem - Coleta;Grupo Fleury;Belém / PA;Técnico;enfermagem
Técnico de Enfermagem do Trabalho;Abertta Saúde;Piracicaba / SP;Técnico;enfermagem
Técnico de Enfermagem (UTI);Austa Hospital;São José do Rio Preto / SP;Técnico;enfermagem
Auxiliar de Enfermagem III - Campinas;Grupo Fleury;Campinas / SP;Técnico;enfermagem
Técnico de Enfermagem (Trabalho);UNIÃO QUÍMICA;Guarulhos / SP;Técnico;enfermagem
Técnico (a) de Enfermagem - Endoscopia;Confidencial;São Paulo / SP;Técnico;enfermagem
Tecnico de Enfermagem Fertilidade II;Confidencial;São Paulo / SP;Técnico;enfermagem
Técnico de Enfermagem UTI;HFC Saúde;Piracicaba / SP;Técnico;enfermagem
Técnico de Enfermagem - SADT;Rede D'Or;Nova Lima / MG;Técnico;enfermagem
Auxiliar de Enfermagem - A+ Alphaville;Grupo Fleury;Barueri / SP;Auxiliar/Operacional;enfermagem
Auxiliar de Enfermagem - Lapa;Grupo Fleury;São Paulo / SP;Auxiliar/Operacional;enfermagem
Auxiliar de Enfermagem - Morumbi;Grupo Fleury;São Paulo / SP;Auxiliar/Operacional;enfermagem
Coordenador (a) de Enfermagem - CME;Confidencial;Belo Horizonte / MG;Supervisão/Coordenação;enfermagem
